stderror,pvalues,covmtx_1,covmtx_2,covmtx_3,covmtx_4
0.13930172415755754,5.860253595988882e-9,0.01940497035326825,1.301153420171609e-5,0.00010748619822499913,8.5031217002592e-5
0.004309199170305435,5.826407491717598e-46,1.301153420171703e-5,1.8569197489361054e-5,2.110758180301734e-6,-5.0850470406363e-5
0.24137492251522283,4.6805016366202374e-15,0.00010748619822499944,2.110758180301737e-6,0.058261853219229824,0.00011113448225846432
0.17917580645403622,0.1920373802103696,8.503121700258534e-5,-5.085047040636241e-5,0.00011113448225846437,0.03210396961845425
