stderror,pvalues,covmtx_1,covmtx_2,covmtx_3,covmtx_4,covmtx_5
0.22213898416072428,1.0485193395226205e-5,0.049345728283958515,5.4027663298328755e-5,-0.0005075780836428331,0.0004951285708262234,-0.0016803244098455455
0.010470270866373555,1.3632753939246456e-20,5.4027663298326735e-5,0.00010962657201523082,-1.2630465008804706e-5,1.3581564841475178e-5,-0.00018570909879229433
0.0647327603221787,3.337013731277209e-70,-0.0005075780836428325,-1.2630465008804775e-5,0.004190330258928634,0.00042143891161488167,3.083810155805726e-5
0.0505065663692228,3.1529061493131233e-94,0.000495128570826223,1.358156484147521e-5,0.0004214389116148816,0.002550913246408708,-0.00021014976536408767
0.19246789318143462,0.02213320161057531,-0.0016803244098455518,-0.0001857090987922939,3.083810155805725e-5,-0.0002101497653640875,0.03704388990570012
